f_name,l_name,uid,phone,address
Ruth,Grant,1,5-(269)553-0926,34928 Westerfield Street
Harold,Davis,2,3-(672)313-1193,42 Bellgrove Lane
Michelle,Austin,3,7-(479)461-0246,9210 Memorial Terrace
Frank,Harvey,4,6-(208)268-8702,92751 Maryland Plaza
Margaret,Sanders,5,5-(256)821-8193,0 Pearson Drive
Jimmy,Jacobs,6,1-(425)480-0405,8 Stuart Lane
Jack,Morrison,7,0-(005)027-4006,61822 Dapin Alley
Katherine,Welch,8,1-(778)839-1306,691 Mosinee Terrace
Adam,Sanchez,9,4-(436)364-3708,6 Parkside Road
Carl,Shaw,10,0-(232)107-9660,9072 Namekagon Pass
Lori,Hicks,11,9-(894)200-2030,6761 Tomscot Parkway
Louis,Jacobs,12,7-(918)390-5221,27646 Heffernan Center
Diane,Franklin,13,3-(970)570-0005,849 Morrow Park
Debra,James,14,7-(263)326-0745,4 Morningstar Trail
Deborah,Ryan,15,2-(331)718-6204,60 Pleasure Way
Sarah,Fowler,16,2-(049)631-1613,0233 Green Ridge Drive
Arthur,Lee,17,5-(629)072-5510,0 Westridge Plaza
Brian,Gordon,18,1-(480)387-7982,271 Declaration Court
Debra,Franklin,19,7-(864)099-8813,20594 Paget Lane
Jesse,Daniels,20,3-(424)014-7738,2195 David Court
Gerald,Fields,21,1-(143)223-9664,44 Pleasure Court
Daniel,Richardson,22,3-(830)207-2766,4419 Hudson Terrace
Michael,Castillo,23,5-(300)762-9398,71 Victoria Place
Frank,Mitchell,24,7-(081)379-3675,5047 Bobwhite Trail
Stephanie,Austin,25,7-(136)895-1294,74 Sutherland Place
Sarah,Alvarez,26,2-(650)841-3086,24 Pawling Court
Robin,Washington,27,7-(972)909-6930,62 Florence Park
Ashley,Gomez,28,5-(331)792-9165,3 Corscot Terrace
Mildred,Fox,29,8-(788)696-3167,82 2nd Lane
Angela,Wheeler,30,0-(002)777-4020,35 Northview Trail
Bruce,Payne,31,1-(487)560-2324,37976 Trailsway Avenue
Robert,Perry,32,0-(914)186-4836,89074 Northland Terrace
Tina,Fields,33,9-(325)011-7235,9 Eastwood Hill
Timothy,Martinez,34,0-(396)980-1512,09688 Debs Park
Sean,Lane,35,1-(011)223-5531,3625 Gerald Center
James,Gonzalez,36,2-(358)181-4721,404 Warbler Way
Eugene,Parker,37,3-(725)310-9112,69595 Logan Plaza
Bruce,Ramirez,38,0-(449)271-2440,9570 Hanson Circle
Lois,White,39,0-(367)683-9118,080 International Place
Dorothy,Dunn,40,4-(138)849-7430,5202 Dryden Parkway
Judy,Greene,41,5-(318)640-1207,74 Veith Point
Wanda,Morrison,42,4-(280)678-5987,392 Oriole Circle
Donna,Garcia,43,7-(924)113-0995,895 Graceland Parkway
Lawrence,Martin,44,0-(557)408-4263,3427 Leroy Terrace
Anna,Sanders,45,9-(281)078-6378,0 Bay Way
Kenneth,Murray,46,9-(368)743-2032,8569 Cottonwood Alley
Theresa,Adams,47,2-(336)439-7548,14 Forster Plaza
Eugene,Mills,48,0-(204)836-2319,24 Ludington Trail
Julia,Chavez,49,7-(167)874-7451,1525 Macpherson Crossing
Judy,Ruiz,50,2-(078)394-4161,9 Clarendon Place
Anna,Ramirez,51,4-(691)822-7633,42 Cody Pass
Brian,Ward,52,5-(746)277-0524,8 Longview Street
Irene,Patterson,53,7-(883)987-9450,5965 Elgar Court
Willie,Diaz,54,2-(982)260-7783,41043 Shelley Center
Jennifer,Burns,55,2-(690)989-6540,42 Myrtle Junction
Maria,Mason,56,2-(645)594-6900,6133 Packers Trail
Todd,Chapman,57,7-(800)925-8849,98442 Helena Avenue
Benjamin,Collins,58,8-(890)644-9265,89667 Hoard Place
Louis,Hart,59,3-(899)691-8201,267 Summit Terrace
Daniel,Dunn,60,0-(921)545-0093,47854 Westridge Park
Harry,Murphy,61,7-(492)242-6547,602 Hooker Parkway
Jose,Hall,62,5-(165)719-9197,2251 Lotheville Crossing
Russell,Vasquez,63,7-(489)707-3160,31589 Rusk Avenue
Gary,Dean,64,6-(701)929-3292,661 Elmside Lane
Daniel,Flores,65,2-(547)844-6712,3 Memorial Lane
Kathryn,Carroll,66,5-(095)158-8068,2 Fremont Park
Marilyn,Scott,67,7-(146)893-6396,63940 Jay Street
Dorothy,Carpenter,68,9-(210)867-3221,205 Meadow Vale Road
Janet,Simpson,69,1-(880)815-3210,2 Northwestern Junction
Philip,Dunn,70,5-(152)400-5675,42 Del Sol Trail
Harry,Harrison,71,1-(182)114-4000,0775 Shasta Parkway
Emily,Thompson,72,9-(458)711-0293,16676 Hoard Street
Arthur,Lawrence,73,3-(108)684-9924,45 Lyons Center
Annie,Robertson,74,5-(218)686-4444,78 Union Park
Christina,Daniels,75,8-(470)002-3415,1 Mifflin Way
Tammy,Marshall,76,0-(285)091-3963,439 Karstens Plaza
Christina,Price,77,1-(389)584-6541,5 Hansons Pass
Frank,Simmons,78,7-(453)771-3693,6366 Golf Course Crossing
Tina,Cook,79,1-(803)938-8087,4 Almo Lane
Craig,Alvarez,80,8-(198)344-2334,40386 Hoffman Trail
Doris,Nelson,81,9-(400)997-2856,43142 Forest Park
Frank,Barnes,82,4-(366)070-4196,15468 Tennessee Crossing
Cynthia,Richardson,83,2-(396)218-8147,2 Cherokee Parkway
Joyce,Burke,84,9-(836)903-1005,0 Green Circle
Frank,Jackson,85,8-(244)037-1631,30 Calypso Circle
Harold,James,86,7-(365)080-0520,7 Fuller Hill
Donna,Morrison,87,0-(775)761-8854,84217 Arizona Crossing
Cynthia,Jenkins,88,4-(016)409-8630,4 Walton Alley
Fred,Long,89,4-(577)640-1545,27 Lindbergh Junction
Michael,Montgomery,90,1-(153)718-9563,59 Pennsylvania Trail
Sharon,Moreno,91,0-(321)075-1158,2 Chinook Street
Harold,Hamilton,92,3-(654)921-9786,4 Waxwing Terrace
Mary,Garza,93,5-(305)568-3260,34300 Sutteridge Place
Anthony,Johnston,94,2-(318)770-3674,51473 Caliangt Drive
Benjamin,Howard,95,9-(885)322-0620,848 Lukken Park
Robin,Richards,96,0-(547)984-4331,60 Hagan Trail
Edward,Murray,97,3-(437)542-7387,7 Waubesa Lane
Tina,Frazier,98,0-(361)390-1014,5 Thierer Road
Maria,Mccoy,99,8-(275)455-5670,665 Scofield Plaza
Shirley,Ray,100,5-(742)512-6521,401 Fairfield Street
